0,196,2014-03-11 04:55,photographs,Sanman Kontman,Wheel of death,1,0
1,31,2016-05-18 00:15,artistbio,Glyn	Dobbing,Tightrope walking,1,0
2,164,2014-02-09 05:35,commentcontest,Big Mac,Balancing,1,1
3,9,2016-06-08 21:50,video,Fidelio Speak,Chinese yo-yo,0,1
4,48,2013-08-31 18:55,photographs,Glyn	Dobbing,Balancing,1,1
5,122,2013-02-12 16:35,photographs,Obious Fail,Fire performance,0,1
6,234,2012-11-01 23:55,video,Water Druck,Baton twirling,0,0
7,182,2013-10-03 22:55,video,Water Druck,Acrobatics,0,1
8,171,2017-07-16 10:35,story,Gisela Slatter,Wheel of death,1,0
9,52,2014-03-13 01:00,commentcontest,Olav	Winpenny,Acrobatics,1,1
10,107,2016-07-11 22:45,story,Sheilah	 Matzeitis,Artistic cycling,1,0
11,127,2016-03-14 05:50,likecontest,Mc Chicken,Acrobatics,1,0
12,7,2012-09-30 11:55,video,Sherry Scourgie,Fire performance,1,1
13,41,2012-07-01 11:50,video,Sheilah	 Matzeitis,Acrobatics,1,0
14,248,2017-06-12 20:10,video,Hope Dope,Fire performance,1,0
15,55,2016-02-06 21:15,story,Sheilah	 Matzeitis,Animal training,0,0
16,39,2018-06-16 05:05,artistbio,Hans Djekic,Clown,1,1
17,164,2018-12-04 20:55,commentcontest,Hope Dope,Mime,0,0
18,78,2014-02-23 04:35,commentcontest,Garnet	 Dregan,Tightrope walking,0,1
19,167,2013-10-25 19:05,commentcontest,Obious Fail,Chinese yo-yo,0,0
20,33,2013-11-02 00:25,photographs,Garnet	 Dregan,Hand walking,1,1
21,180,2015-11-04 01:30,photographs,Garnet	 Dregan,Acrobatics,1,1
22,148,2018-02-02 23:45,showadvertisement,Hans Djekic,Acrobatics,0,0
23,123,2013-07-23 21:55,commentcontest,Obious Fail,Mime,1,0
24,82,2014-11-22 10:10,photographs,Big Mac,Baton twirling,1,1
25,203,2018-03-04 08:15,video,Mc Chicken,Balancing,0,0
26,77,2016-11-09 13:10,photographs,Glyn	Dobbing,Animal training,0,0
27,223,2014-02-21 08:40,video,Fidelio Speak,Wheel of death,0,0
28,210,2017-06-11 20:05,photographs,Hope Dope,Chinese yo-yo,1,1
29,180,2015-03-12 00:10,artistbio,Obious Fail,Acrobatics,1,1
30,191,2015-03-20 16:35,photographs,Sherry Scourgie,Foot juggling,0,0
31,206,2012-07-15 06:20,artistbio,Big Mac,Unicycle,1,1
32,140,2013-10-11 17:55,likecontest,Hope Dope,Artistic cycling,1,1
33,180,2013-08-17 10:20,commentcontest,Obious Fail,Wheel of death,0,1
34,77,2014-12-22 05:20,artistbio,Olav	Winpenny,Artistic cycling,1,0
35,128,2013-09-19 20:55,artistbio,Garnet	 Dregan,Hand walking,1,0
36,94,2016-04-17 21:00,showadvertisement,Obious Fail,Foot juggling,0,1
37,223,2015-02-03 21:35,video,Hans Djekic,Unicycle,0,1
38,174,2013-04-02 07:55,likecontest,Cron Bon,Wheel of death,0,0
39,206,2016-07-08 23:00,video,Hope Dope,Acrobatics,1,1
40,170,2012-02-22 00:10,likecontest,Fidelio Speak,Tightrope walking,0,0
41,82,2018-03-13 09:00,video,Sanman Kontman,Chinese yo-yo,1,1
42,97,2013-06-29 19:25,artistbio,Przemek Kudelka,Fire performance,0,1
43,169,2015-07-23 00:40,showadvertisement,Hans Djekic,Artistic cycling,1,1
44,215,2016-03-19 02:30,photographs,Mc Chicken,Mime,0,1
45,97,2013-05-11 03:35,commentcontest,Big Mac,Baton twirling,0,0
46,7,2018-09-16 03:05,showadvertisement,Sanman Kontman,Clown,1,1
47,163,2019-02-20 02:40,photographs,Garnet	 Dregan,Balancing,0,1
48,147,2014-06-23 06:40,photographs,Obious Fail,Tightrope walking,0,0
49,118,2015-08-27 13:25,likecontest,Mc Chicken,Acrobatics,0,0
50,144,2013-11-05 02:30,video,Obious Fail,Animal training,0,0
51,96,2015-03-24 14:40,video,Cron Bon,Clown,0,0
52,0,2015-02-18 13:40,artistbio,Glyn	Dobbing,Unicycle,0,1
53,250,2018-02-15 12:15,likecontest,Mc Chicken,Unicycle,0,0
54,151,2018-10-30 23:20,likecontest,Fidelio Speak,Chinese yo-yo,0,1
55,227,2016-06-24 17:40,likecontest,Big Mac,Acrobatics,1,0
56,153,2015-02-13 23:55,photographs,Fidelio Speak,Baton twirling,1,0
57,227,2017-05-17 07:25,photographs,Sheilah	 Matzeitis,Baton twirling,0,0
58,84,2016-11-20 22:35,commentcontest,Obious Fail,Tightrope walking,1,0
59,19,2017-10-01 12:30,likecontest,Cron Bon,Wheel of death,1,0
60,141,2013-07-20 19:55,video,Fidelio Speak,Fire performance,1,0
61,110,2013-10-16 13:20,showadvertisement,Olav	Winpenny,Tightrope walking,0,1
62,117,2014-09-05 15:25,artistbio,Fidelio Speak,Mime,1,0
63,124,2016-05-21 16:25,likecontest,Gisela Slatter,Wheel of death,1,0
64,136,2013-09-03 07:00,video,Glyn	Dobbing,Acrobatics,0,1
65,181,2019-01-07 02:35,story,Hope Dope,Foot juggling,1,1
66,73,2016-11-24 06:10,showadvertisement,Sheilah	 Matzeitis,Tightrope walking,0,0
67,106,2016-07-29 21:55,artistbio,Przemek Kudelka,Wheel of death,0,0
68,171,2018-01-10 00:40,likecontest,Fidelio Speak,Wheel of death,0,1
69,77,2015-01-10 10:25,story,Hans Djekic,Unicycle,0,0
70,9,2013-03-29 18:20,photographs,Big Mac,Baton twirling,0,1
71,76,2017-04-20 18:30,showadvertisement,Cron Bon,Hand walking,0,0
72,235,2016-05-29 21:15,video,Glyn	Dobbing,Wheel of death,1,0
73,113,2012-05-31 23:05,commentcontest,Big Mac,Artistic cycling,1,1
74,151,2017-06-23 01:35,story,Fidelio Speak,Wheel of death,1,1
75,103,2014-10-17 18:00,commentcontest,Sanman Kontman,Animal training,1,0
76,229,2013-10-21 17:00,commentcontest,Garnet	 Dregan,Tightrope walking,1,1
77,213,2015-10-02 10:45,artistbio,Sherry Scourgie,Animal training,1,0
78,193,2012-11-22 16:00,photographs,Hans Djekic,Hand walking,0,0
79,2,2013-03-26 22:50,story,Mc Chicken,Artistic cycling,0,0
80,15,2017-09-11 06:15,commentcontest,Water Druck,Hand walking,0,0
81,90,2015-11-09 01:50,showadvertisement,Water Druck,Balancing,0,0
82,115,2015-05-15 18:55,artistbio,Big Mac,Hand walking,0,1
83,239,2015-12-03 15:35,video,Przemek Kudelka,Chinese yo-yo,0,1
84,187,2012-08-15 06:30,photographs,Olav	Winpenny,Baton twirling,0,0
85,21,2012-01-20 23:00,story,Hans Djekic,Chinese yo-yo,0,0
86,71,2016-01-06 22:40,showadvertisement,Przemek Kudelka,Artistic cycling,1,0
87,4,2012-02-02 16:05,showadvertisement,Sheilah	 Matzeitis,Wheel of death,0,0
88,230,2015-03-29 04:55,likecontest,Cron Bon,Unicycle,1,1
89,39,2013-01-25 06:15,showadvertisement,Sherry Scourgie,Chinese yo-yo,1,1
90,83,2012-12-29 06:15,commentcontest,Hope Dope,Unicycle,0,0
91,63,2017-08-02 05:45,photographs,Sanman Kontman,Mime,1,1
92,9,2012-03-26 22:30,story,Olav	Winpenny,Hand walking,0,1
93,20,2018-07-08 09:30,video,Sherry Scourgie,Artistic cycling,0,0
94,198,2016-09-23 00:00,video,Sanman Kontman,Baton twirling,1,1
95,3,2015-03-23 04:10,story,Olav	Winpenny,Balancing,1,1
96,148,2018-05-24 16:40,artistbio,Sherry Scourgie,Fire performance,0,1
97,211,2018-03-16 00:20,video,Water Druck,Hand walking,1,1
98,6,2015-03-19 20:20,showadvertisement,Sherry Scourgie,Acrobatics,0,0
99,227,2016-10-13 14:00,showadvertisement,Mc Chicken,Fire performance,0,0
100,175,2013-07-16 18:10,video,Hope Dope,Hand walking,0,1
101,7,2015-11-14 02:30,commentcontest,Obious Fail,Mime,1,1
102,72,2018-04-21 11:25,photographs,Cron Bon,Hand walking,1,0
103,35,2012-02-27 22:20,video,Sheilah	 Matzeitis,Unicycle,0,0
104,15,2014-04-22 07:10,video,Olav	Winpenny,Balancing,0,1
105,134,2012-08-07 03:50,story,Garnet	 Dregan,Animal training,0,1
106,138,2019-01-28 23:20,likecontest,Olav	Winpenny,Fire performance,1,0
107,114,2016-06-29 16:35,artistbio,Sherry Scourgie,Animal training,1,1
108,9,2014-06-05 02:50,commentcontest,Cron Bon,Wheel of death,0,1
109,91,2018-10-19 22:50,showadvertisement,Water Druck,Fire performance,0,0
110,74,2014-10-20 17:00,likecontest,Hope Dope,Balancing,0,1
111,151,2014-11-25 13:50,showadvertisement,Olav	Winpenny,Balancing,1,1
112,176,2013-12-25 13:15,commentcontest,Mc Chicken,Artistic cycling,1,1
113,190,2015-09-13 18:40,likecontest,Mc Chicken,Chinese yo-yo,0,0
114,67,2016-01-14 14:55,photographs,Fidelio Speak,Artistic cycling,1,1
115,184,2013-03-12 05:35,video,Garnet	 Dregan,Hand walking,0,0
116,227,2012-05-10 07:30,commentcontest,Mc Chicken,Unicycle,0,0
117,242,2016-02-09 06:00,photographs,Hope Dope,Mime,0,0
118,125,2016-03-06 10:55,photographs,Sanman Kontman,Wheel of death,0,1
119,250,2012-04-27 14:20,photographs,Fidelio Speak,Fire performance,0,1
120,6,2014-01-28 20:55,story,Big Mac,Artistic cycling,0,1
121,39,2017-03-26 05:00,story,Hope Dope,Fire performance,0,1
122,228,2018-12-05 17:00,commentcontest,Big Mac,Acrobatics,1,0
123,162,2012-04-16 17:40,likecontest,Przemek Kudelka,Unicycle,0,1
124,79,2014-11-11 13:00,artistbio,Hans Djekic,Unicycle,0,1
125,236,2014-05-05 09:55,artistbio,Cron Bon,Artistic cycling,0,1
126,173,2016-03-12 22:25,video,Water Druck,Unicycle,1,0
127,226,2012-08-30 15:10,commentcontest,Sherry Scourgie,Tightrope walking,0,0
128,184,2014-08-14 04:35,likecontest,Hope Dope,Balancing,1,0
129,183,2017-01-20 16:45,video,Garnet	 Dregan,Clown,1,1
130,72,2017-09-05 05:25,showadvertisement,Glyn	Dobbing,Artistic cycling,1,0
131,199,2018-03-27 17:00,photographs,Hans Djekic,Artistic cycling,0,0
132,65,2016-04-19 10:50,photographs,Hope Dope,Fire performance,0,1
133,164,2013-04-13 10:40,likecontest,Cron Bon,Hand walking,0,1
134,30,2015-06-09 06:30,story,Sherry Scourgie,Unicycle,0,0
135,112,2018-05-25 17:55,photographs,Glyn	Dobbing,Wheel of death,0,1
136,128,2016-05-28 19:35,story,Gisela Slatter,Baton twirling,0,1
137,187,2015-04-06 14:15,photographs,Olav	Winpenny,Artistic cycling,0,1
138,7,2012-08-27 17:25,video,Olav	Winpenny,Chinese yo-yo,1,0
139,150,2012-05-24 17:20,commentcontest,Water Druck,Baton twirling,0,0
140,160,2018-07-29 21:55,story,Obious Fail,Unicycle,0,0
141,165,2016-01-05 09:45,artistbio,Mc Chicken,Artistic cycling,0,0
142,6,2013-08-09 05:30,likecontest,Mc Chicken,Hand walking,0,1
143,199,2012-11-30 13:30,video,Hans Djekic,Fire performance,0,1
144,183,2013-10-26 17:20,commentcontest,Hope Dope,Acrobatics,0,1
145,200,2016-05-29 06:55,photographs,Olav	Winpenny,Chinese yo-yo,0,1
146,179,2012-06-02 00:20,story,Hans Djekic,Tightrope walking,1,0
147,155,2016-03-17 21:30,likecontest,Obious Fail,Clown,1,1
148,190,2013-07-26 11:50,artistbio,Gisela Slatter,Mime,1,0
149,61,2014-06-26 09:10,story,Hope Dope,Hand walking,0,1
150,147,2015-09-05 01:05,showadvertisement,Sheilah	 Matzeitis,Foot juggling,0,0
151,70,2016-04-11 12:20,video,Hope Dope,Unicycle,1,0
152,143,2018-06-25 09:20,showadvertisement,Mc Chicken,Foot juggling,1,0
153,23,2016-02-26 12:25,artistbio,Fidelio Speak,Clown,0,0
154,79,2018-09-25 11:50,commentcontest,Hope Dope,Acrobatics,1,0
155,93,2013-12-23 01:25,artistbio,Sanman Kontman,Unicycle,1,0
156,34,2013-12-21 06:00,video,Big Mac,Artistic cycling,1,1
157,58,2012-12-30 17:15,commentcontest,Mc Chicken,Chinese yo-yo,1,1
158,77,2016-12-10 01:20,showadvertisement,Water Druck,Clown,1,0
159,229,2013-06-19 22:40,story,Water Druck,Acrobatics,0,0
160,14,2014-11-03 03:25,likecontest,Hans Djekic,Artistic cycling,0,1
161,68,2012-05-07 15:45,story,Olav	Winpenny,Wheel of death,1,0
162,12,2016-05-13 11:20,showadvertisement,Sherry Scourgie,Wheel of death,1,0
163,21,2017-03-15 16:35,showadvertisement,Water Druck,Animal training,1,1
164,71,2012-05-01 16:50,showadvertisement,Obious Fail,Artistic cycling,1,0
165,199,2015-09-08 09:20,video,Cron Bon,Animal training,1,0
166,198,2018-08-05 05:40,video,Obious Fail,Animal training,0,0
167,27,2016-06-14 00:10,video,Gisela Slatter,Fire performance,1,0
168,57,2013-07-21 15:40,likecontest,Obious Fail,Acrobatics,1,0
169,179,2014-09-12 02:35,likecontest,Fidelio Speak,Baton twirling,0,0
170,233,2016-09-02 12:40,commentcontest,Sherry Scourgie,Clown,0,1
171,92,2014-08-10 23:40,story,Sheilah	 Matzeitis,Acrobatics,1,0
172,250,2012-02-27 19:10,likecontest,Hope Dope,Mime,0,1
173,214,2013-07-19 18:15,artistbio,Gisela Slatter,Acrobatics,0,0
174,125,2016-05-06 20:45,video,Cron Bon,Hand walking,1,1
175,105,2016-10-31 01:50,artistbio,Water Druck,Wheel of death,1,0
176,245,2013-10-27 02:45,showadvertisement,Olav	Winpenny,Wheel of death,1,1
177,147,2014-05-19 18:40,commentcontest,Garnet	 Dregan,Hand walking,1,0
178,68,2012-04-30 07:20,story,Water Druck,Hand walking,0,1
179,243,2014-03-29 20:20,commentcontest,Hans Djekic,Mime,0,1
180,127,2017-06-11 23:15,artistbio,Hope Dope,Tightrope walking,1,1
181,79,2015-06-28 08:30,commentcontest,Sheilah	 Matzeitis,Foot juggling,0,1
182,159,2014-07-13 04:20,photographs,Glyn	Dobbing,Clown,1,1
183,32,2013-11-02 04:35,likecontest,Przemek Kudelka,Wheel of death,0,0
184,108,2014-01-22 16:30,story,Sheilah	 Matzeitis,Unicycle,0,1
185,33,2014-02-03 22:05,likecontest,Sherry Scourgie,Hand walking,1,1
186,182,2015-10-26 21:35,story,Mc Chicken,Mime,0,1
187,109,2018-04-21 12:45,showadvertisement,Przemek Kudelka,Foot juggling,1,1
188,77,2013-10-10 01:20,video,Przemek Kudelka,Clown,1,1
189,103,2017-06-01 05:10,photographs,Przemek Kudelka,Acrobatics,0,0
190,16,2017-02-20 19:10,artistbio,Big Mac,Balancing,1,1
191,221,2014-11-29 00:35,likecontest,Big Mac,Chinese yo-yo,0,1
192,47,2017-02-24 10:00,likecontest,Obious Fail,Chinese yo-yo,0,1
193,82,2018-07-18 12:25,likecontest,Obious Fail,Foot juggling,1,0
194,109,2012-05-01 20:40,artistbio,Sherry Scourgie,Mime,1,0
195,79,2015-06-29 11:30,showadvertisement,Olav	Winpenny,Balancing,0,0
196,99,2018-10-01 17:20,photographs,Sheilah	 Matzeitis,Clown,0,0
197,201,2014-01-01 22:00,showadvertisement,Sheilah	 Matzeitis,Fire performance,0,1
198,63,2014-05-08 01:25,video,Garnet	 Dregan,Hand walking,0,1
199,76,2012-04-24 14:55,artistbio,Sheilah	 Matzeitis,Fire performance,0,0
200,175,2017-09-15 15:05,showadvertisement,Olav	Winpenny,Tightrope walking,0,0
201,184,2016-09-27 15:35,likecontest,Water Druck,Hand walking,0,0
202,202,2014-10-03 12:30,video,Garnet	 Dregan,Foot juggling,0,1
203,12,2013-01-06 09:40,photographs,Sheilah	 Matzeitis,Mime,1,0
204,71,2017-04-12 00:25,story,Obious Fail,Acrobatics,1,1
205,16,2016-03-19 14:30,showadvertisement,Big Mac,Mime,0,1
206,110,2012-10-12 03:20,commentcontest,Hans Djekic,Balancing,1,0
207,25,2015-12-03 20:25,story,Hope Dope,Unicycle,1,0
208,48,2013-07-18 10:30,artistbio,Cron Bon,Balancing,1,1
209,200,2014-06-17 14:15,story,Cron Bon,Baton twirling,0,1
210,32,2018-10-11 00:55,likecontest,Sherry Scourgie,Tightrope walking,0,0
211,176,2015-05-06 06:50,photographs,Water Druck,Acrobatics,0,0
212,140,2016-11-23 06:50,video,Hope Dope,Clown,1,0
213,33,2013-03-26 05:15,video,Gisela Slatter,Foot juggling,1,1
214,43,2019-03-04 15:00,showadvertisement,Mc Chicken,Artistic cycling,1,0
215,159,2017-01-13 23:25,showadvertisement,Gisela Slatter,Artistic cycling,0,0
216,224,2015-04-21 02:15,commentcontest,Glyn	Dobbing,Animal training,0,1
217,216,2012-11-26 22:45,artistbio,Cron Bon,Unicycle,0,0
218,224,2013-06-22 01:30,story,Przemek Kudelka,Fire performance,1,0
219,131,2019-03-01 00:55,showadvertisement,Water Druck,Acrobatics,1,1
220,86,2018-11-02 12:50,likecontest,Przemek Kudelka,Animal training,1,0
221,48,2017-09-13 10:00,photographs,Przemek Kudelka,Foot juggling,1,0
222,64,2015-05-24 15:55,showadvertisement,Cron Bon,Fire performance,1,1
223,241,2018-01-07 07:50,story,Gisela Slatter,Fire performance,0,0
224,81,2012-06-19 05:30,photographs,Gisela Slatter,Tightrope walking,1,0
225,96,2014-12-26 10:25,likecontest,Gisela Slatter,Clown,1,1
226,95,2017-02-26 17:35,video,Sherry Scourgie,Clown,1,1
227,108,2016-06-08 09:50,showadvertisement,Fidelio Speak,Wheel of death,0,1
228,87,2013-02-25 10:55,story,Hans Djekic,Fire performance,0,0
229,171,2015-03-06 23:45,artistbio,Garnet	 Dregan,Animal training,0,0
230,41,2018-06-06 00:25,showadvertisement,Sanman Kontman,Acrobatics,0,0
231,51,2018-08-20 09:55,video,Obious Fail,Artistic cycling,0,0
232,48,2013-07-04 11:55,story,Sanman Kontman,Animal training,0,1
233,83,2018-08-10 12:10,story,Olav	Winpenny,Acrobatics,1,0
234,58,2012-05-15 00:10,story,Sanman Kontman,Hand walking,0,0
235,43,2012-03-10 17:50,artistbio,Hope Dope,Artistic cycling,1,0
236,167,2019-01-31 02:40,photographs,Sanman Kontman,Unicycle,1,1
237,58,2015-08-05 21:10,photographs,Mc Chicken,Baton twirling,0,0
238,128,2013-10-14 14:50,photographs,Olav	Winpenny,Acrobatics,0,0
239,60,2016-03-25 07:40,likecontest,Garnet	 Dregan,Unicycle,1,0
240,90,2017-09-30 07:30,likecontest,Mc Chicken,Wheel of death,1,1
241,229,2014-02-20 13:25,video,Hope Dope,Chinese yo-yo,1,1
242,58,2017-02-02 02:15,photographs,Mc Chicken,Artistic cycling,0,0
243,222,2017-02-02 07:15,likecontest,Water Druck,Mime,1,0
244,213,2017-03-11 01:40,story,Sheilah	 Matzeitis,Fire performance,0,0
245,141,2014-02-26 12:20,story,Obious Fail,Chinese yo-yo,0,0
246,88,2017-01-13 17:50,commentcontest,Fidelio Speak,Animal training,1,1
247,98,2013-10-31 06:45,video,Olav	Winpenny,Acrobatics,0,1
248,15,2017-07-22 20:55,video,Przemek Kudelka,Mime,0,1
249,20,2015-10-17 15:00,showadvertisement,Mc Chicken,Foot juggling,0,0
250,226,2012-05-31 17:20,photographs,Garnet	 Dregan,Balancing,1,0
251,233,2014-11-17 07:00,showadvertisement,Gisela Slatter,Animal training,0,0
252,110,2016-03-14 05:35,likecontest,Sherry Scourgie,Clown,0,1
253,4,2013-06-25 00:10,artistbio,Przemek Kudelka,Unicycle,0,1
254,9,2017-09-21 02:15,commentcontest,Mc Chicken,Foot juggling,0,1
255,236,2015-06-04 15:20,story,Garnet	 Dregan,Acrobatics,1,0
256,181,2015-08-30 05:00,showadvertisement,Hope Dope,Fire performance,1,0
257,184,2015-01-26 20:35,artistbio,Sherry Scourgie,Wheel of death,1,1
258,241,2018-08-26 11:50,photographs,Garnet	 Dregan,Hand walking,1,1
259,155,2016-09-07 01:20,likecontest,Gisela Slatter,Foot juggling,1,0
260,211,2012-03-04 06:05,video,Big Mac,Acrobatics,1,0
261,209,2012-09-05 21:15,commentcontest,Water Druck,Animal training,1,0
262,188,2017-12-06 23:40,artistbio,Obious Fail,Baton twirling,0,1
263,113,2016-05-29 08:50,artistbio,Sanman Kontman,Mime,1,0
264,95,2016-12-06 13:00,likecontest,Gisela Slatter,Wheel of death,1,1
265,193,2017-05-15 03:55,showadvertisement,Gisela Slatter,Hand walking,0,0
266,233,2013-03-09 20:25,likecontest,Sherry Scourgie,Mime,0,0
267,53,2014-09-15 01:45,likecontest,Sanman Kontman,Mime,1,0
268,58,2019-01-07 23:45,photographs,Gisela Slatter,Foot juggling,1,1
269,22,2012-01-07 01:15,showadvertisement,Glyn	Dobbing,Clown,0,1
270,223,2012-07-18 22:40,photographs,Obious Fail,Chinese yo-yo,1,1
271,157,2018-08-29 02:30,artistbio,Mc Chicken,Mime,1,1
272,98,2013-04-08 00:00,likecontest,Olav	Winpenny,Balancing,0,1
273,211,2016-12-28 23:40,video,Obious Fail,Hand walking,1,0
274,211,2012-06-24 16:05,commentcontest,Sheilah	 Matzeitis,Balancing,1,1
275,100,2015-08-23 02:15,photographs,Sheilah	 Matzeitis,Baton twirling,1,1
276,192,2013-03-09 06:25,commentcontest,Sheilah	 Matzeitis,Baton twirling,1,1
277,181,2017-11-26 17:30,likecontest,Sheilah	 Matzeitis,Hand walking,1,0
278,136,2014-11-27 00:45,likecontest,Gisela Slatter,Chinese yo-yo,1,0
279,140,2016-07-20 20:30,story,Hans Djekic,Chinese yo-yo,0,1
280,159,2016-06-10 08:25,video,Mc Chicken,Baton twirling,1,1
281,131,2015-06-26 21:30,commentcontest,Obious Fail,Acrobatics,0,0
282,60,2014-02-21 17:55,artistbio,Hope Dope,Fire performance,1,1
283,176,2015-01-18 04:10,commentcontest,Garnet	 Dregan,Hand walking,0,0
284,75,2018-08-28 15:10,photographs,Olav	Winpenny,Hand walking,0,1
285,48,2016-03-29 16:15,commentcontest,Sanman Kontman,Mime,0,1
286,138,2014-08-23 10:25,photographs,Glyn	Dobbing,Artistic cycling,1,1
287,240,2018-09-27 08:35,story,Big Mac,Wheel of death,0,1
288,53,2018-12-31 15:25,showadvertisement,Mc Chicken,Mime,1,1
289,93,2015-12-02 16:45,story,Hope Dope,Baton twirling,1,0
290,250,2015-07-22 06:45,video,Mc Chicken,Baton twirling,0,0
291,30,2018-04-23 12:25,story,Water Druck,Tightrope walking,0,0
292,200,2013-09-20 07:30,artistbio,Obious Fail,Foot juggling,1,0
293,239,2015-08-23 22:05,artistbio,Olav	Winpenny,Artistic cycling,0,0
294,232,2018-04-04 04:35,showadvertisement,Gisela Slatter,Balancing,1,1
295,33,2014-11-09 15:10,story,Gisela Slatter,Chinese yo-yo,1,0
296,247,2012-02-03 17:35,commentcontest,Olav	Winpenny,Acrobatics,1,1
297,231,2018-05-03 07:15,video,Przemek Kudelka,Unicycle,1,0
298,59,2016-07-21 22:40,showadvertisement,Przemek Kudelka,Foot juggling,1,0
299,80,2018-03-09 12:15,likecontest,Fidelio Speak,Balancing,0,0
300,56,2016-03-13 23:45,commentcontest,Water Druck,Hand walking,1,1
301,68,2018-06-02 07:40,artistbio,Garnet	 Dregan,Tightrope walking,1,1
302,119,2019-01-19 01:25,video,Cron Bon,Foot juggling,1,0
303,163,2012-11-28 05:20,story,Cron Bon,Chinese yo-yo,1,0
304,14,2014-01-11 10:40,artistbio,Sheilah	 Matzeitis,Hand walking,0,0
305,142,2012-07-10 04:45,showadvertisement,Cron Bon,Clown,0,1
306,11,2017-07-25 10:50,photographs,Water Druck,Chinese yo-yo,0,0
307,73,2012-08-31 06:20,likecontest,Garnet	 Dregan,Fire performance,0,0
308,0,2014-03-09 18:40,artistbio,Glyn	Dobbing,Foot juggling,1,0
309,152,2015-04-03 04:15,artistbio,Water Druck,Mime,0,1
310,64,2013-05-24 10:30,showadvertisement,Sanman Kontman,Foot juggling,0,1
311,212,2013-11-01 06:05,story,Gisela Slatter,Tightrope walking,1,0
312,85,2014-07-11 18:35,likecontest,Fidelio Speak,Clown,1,0
313,144,2018-03-06 17:30,story,Hans Djekic,Fire performance,0,0
314,228,2012-11-04 00:55,photographs,Water Druck,Mime,1,1
315,176,2018-10-15 08:00,commentcontest,Gisela Slatter,Artistic cycling,0,1
316,54,2016-06-28 19:45,commentcontest,Fidelio Speak,Fire performance,1,0
317,167,2015-06-27 08:40,artistbio,Garnet	 Dregan,Hand walking,0,0
318,207,2016-01-26 02:40,story,Hans Djekic,Clown,1,1
319,163,2013-12-05 09:05,video,Sherry Scourgie,Clown,1,1
320,173,2015-05-03 13:10,likecontest,Glyn	Dobbing,Foot juggling,0,1
321,196,2017-06-27 08:20,likecontest,Mc Chicken,Wheel of death,1,1
322,154,2019-02-18 12:55,photographs,Glyn	Dobbing,Chinese yo-yo,1,1
323,1,2012-02-03 04:35,story,Sherry Scourgie,Mime,1,1
324,146,2012-05-17 21:35,artistbio,Sherry Scourgie,Baton twirling,1,1
325,156,2017-05-17 08:10,photographs,Mc Chicken,Hand walking,0,1
326,250,2018-10-03 18:45,artistbio,Gisela Slatter,Unicycle,1,0
327,46,2014-08-15 05:55,story,Cron Bon,Unicycle,0,0
328,74,2013-08-09 12:45,video,Mc Chicken,Artistic cycling,0,1
329,223,2018-02-16 06:40,photographs,Obious Fail,Clown,1,0
330,177,2014-02-02 11:40,video,Sanman Kontman,Baton twirling,0,1
331,38,2019-01-14 03:35,artistbio,Mc Chicken,Unicycle,0,1
332,183,2012-08-16 00:35,likecontest,Olav	Winpenny,Foot juggling,0,0
333,94,2013-07-03 05:25,showadvertisement,Mc Chicken,Mime,1,0
334,173,2017-08-30 21:40,commentcontest,Hans Djekic,Tightrope walking,1,0
335,94,2015-01-06 21:40,photographs,Water Druck,Chinese yo-yo,1,0
336,74,2018-08-13 08:10,artistbio,Sherry Scourgie,Acrobatics,1,1
337,185,2012-06-27 15:10,photographs,Sheilah	 Matzeitis,Tightrope walking,0,1
338,210,2016-10-28 00:15,likecontest,Obious Fail,Animal training,1,0
339,156,2018-12-13 15:35,photographs,Cron Bon,Animal training,0,1
340,77,2013-07-05 05:55,commentcontest,Przemek Kudelka,Clown,0,0
341,158,2014-03-19 01:45,commentcontest,Hans Djekic,Balancing,0,0
342,171,2017-11-01 00:05,video,Glyn	Dobbing,Chinese yo-yo,1,0
343,177,2014-05-28 12:15,video,Cron Bon,Fire performance,1,0
344,115,2012-12-16 10:45,showadvertisement,Gisela Slatter,Mime,1,0
345,64,2015-07-13 14:15,artistbio,Glyn	Dobbing,Balancing,1,1
346,178,2018-01-01 03:15,video,Obious Fail,Clown,0,1
347,59,2015-05-31 02:05,commentcontest,Fidelio Speak,Hand walking,1,0
348,29,2013-09-04 10:15,video,Gisela Slatter,Mime,1,0
349,166,2012-05-06 16:10,artistbio,Hope Dope,Chinese yo-yo,0,0
350,19,2018-05-01 08:05,video,Przemek Kudelka,Animal training,0,1
351,13,2018-01-24 01:35,showadvertisement,Mc Chicken,Animal training,0,0
352,101,2016-03-02 08:40,commentcontest,Olav	Winpenny,Balancing,1,1
353,217,2012-10-19 00:10,photographs,Glyn	Dobbing,Acrobatics,1,0
354,72,2012-02-16 09:55,artistbio,Sheilah	 Matzeitis,Acrobatics,0,0
355,81,2014-08-01 11:45,video,Garnet	 Dregan,Tightrope walking,1,1
356,124,2012-09-30 05:00,video,Sherry Scourgie,Animal training,1,0
357,247,2014-01-30 08:25,video,Cron Bon,Fire performance,0,0
358,180,2014-05-19 21:05,photographs,Garnet	 Dregan,Foot juggling,1,0
359,32,2017-10-02 08:30,story,Sherry Scourgie,Fire performance,1,0
360,21,2016-08-12 14:55,photographs,Olav	Winpenny,Tightrope walking,0,1
361,167,2012-07-24 02:00,story,Big Mac,Animal training,0,1
362,65,2014-06-09 15:35,commentcontest,Glyn	Dobbing,Hand walking,0,1
363,88,2018-07-02 05:20,photographs,Sanman Kontman,Baton twirling,1,0
364,214,2017-06-07 09:05,commentcontest,Glyn	Dobbing,Baton twirling,1,0
365,235,2014-03-04 17:20,video,Mc Chicken,Baton twirling,1,1
366,204,2018-02-11 23:30,story,Sheilah	 Matzeitis,Animal training,1,0
367,77,2018-10-02 17:15,video,Sanman Kontman,Baton twirling,1,1
368,230,2015-10-20 22:00,showadvertisement,Mc Chicken,Wheel of death,0,0
369,158,2014-11-05 19:55,likecontest,Mc Chicken,Tightrope walking,0,0
370,225,2015-02-27 11:15,video,Hope Dope,Baton twirling,1,1
371,103,2015-03-27 01:45,story,Olav	Winpenny,Baton twirling,1,0
372,61,2013-10-04 14:30,story,Przemek Kudelka,Animal training,0,0
373,21,2013-01-12 10:35,story,Obious Fail,Balancing,1,1
374,82,2012-08-16 17:15,photographs,Garnet	 Dregan,Fire performance,0,0
375,147,2013-07-22 10:15,story,Glyn	Dobbing,Artistic cycling,0,1
376,90,2017-04-24 23:20,photographs,Big Mac,Artistic cycling,1,0
377,93,2012-09-07 02:55,photographs,Sanman Kontman,Foot juggling,0,0
378,225,2014-11-30 23:25,commentcontest,Glyn	Dobbing,Hand walking,0,1
379,56,2014-09-04 09:35,video,Hope Dope,Tightrope walking,0,0
380,51,2016-08-03 14:10,story,Przemek Kudelka,Baton twirling,0,0
381,0,2018-03-21 11:05,video,Obious Fail,Chinese yo-yo,1,0
382,197,2018-03-09 05:10,commentcontest,Garnet	 Dregan,Wheel of death,0,1
383,220,2015-02-06 15:20,photographs,Mc Chicken,Balancing,0,1
384,51,2015-06-24 21:45,story,Fidelio Speak,Clown,1,0
385,71,2017-09-03 03:50,photographs,Sanman Kontman,Acrobatics,0,0
386,107,2012-07-04 01:45,story,Obious Fail,Baton twirling,0,1
387,6,2015-03-16 10:40,showadvertisement,Glyn	Dobbing,Chinese yo-yo,1,1
388,180,2012-11-15 17:15,story,Mc Chicken,Acrobatics,0,1
389,107,2016-09-17 12:20,showadvertisement,Mc Chicken,Baton twirling,0,1
390,95,2016-10-22 16:35,artistbio,Hope Dope,Tightrope walking,1,0
391,174,2017-01-08 11:00,showadvertisement,Sheilah	 Matzeitis,Artistic cycling,1,0
392,25,2014-11-27 01:40,photographs,Mc Chicken,Wheel of death,0,0
393,187,2016-07-01 09:15,story,Sanman Kontman,Tightrope walking,0,1
394,225,2013-12-26 15:50,story,Przemek Kudelka,Balancing,1,0
395,63,2015-10-25 00:50,likecontest,Gisela Slatter,Baton twirling,0,0
396,19,2012-04-29 17:00,showadvertisement,Mc Chicken,Tightrope walking,0,0
397,160,2018-05-26 11:25,artistbio,Hope Dope,Mime,0,0
398,123,2017-09-25 10:55,video,Sheilah	 Matzeitis,Acrobatics,1,1
399,196,2014-12-02 00:15,artistbio,Olav	Winpenny,Baton twirling,0,0
400,59,2018-10-08 07:15,story,Sheilah	 Matzeitis,Mime,1,0
401,187,2014-10-30 10:45,showadvertisement,Olav	Winpenny,Foot juggling,1,1
402,172,2017-12-25 21:50,video,Hope Dope,Wheel of death,1,1
403,76,2018-05-25 11:00,story,Mc Chicken,Unicycle,1,1
404,47,2014-12-23 21:05,photographs,Garnet	 Dregan,Baton twirling,1,1
405,99,2017-11-19 07:55,photographs,Przemek Kudelka,Animal training,0,0
406,15,2012-09-28 02:25,likecontest,Hans Djekic,Chinese yo-yo,0,1
407,1,2012-04-29 02:35,commentcontest,Garnet	 Dregan,Artistic cycling,0,0
408,21,2012-03-04 02:30,artistbio,Glyn	Dobbing,Mime,0,1
409,60,2016-04-15 13:00,commentcontest,Cron Bon,Mime,1,1
410,13,2012-07-30 08:25,video,Obious Fail,Acrobatics,1,1
411,61,2014-02-28 11:10,commentcontest,Mc Chicken,Wheel of death,1,0
412,239,2014-08-06 18:40,likecontest,Sanman Kontman,Hand walking,1,1
413,102,2013-07-12 17:00,story,Garnet	 Dregan,Artistic cycling,1,0
414,241,2016-02-24 16:45,video,Gisela Slatter,Balancing,0,1
415,198,2017-04-01 01:30,photographs,Big Mac,Baton twirling,0,0
416,117,2016-09-17 09:45,likecontest,Hans Djekic,Animal training,1,0
417,125,2018-01-22 08:20,photographs,Big Mac,Balancing,1,0
418,161,2015-01-07 11:15,likecontest,Sheilah	 Matzeitis,Artistic cycling,0,1
419,156,2015-05-15 21:40,likecontest,Olav	Winpenny,Foot juggling,1,1
420,193,2014-04-17 18:15,story,Glyn	Dobbing,Hand walking,0,0
421,210,2015-06-13 11:20,showadvertisement,Olav	Winpenny,Chinese yo-yo,0,0
422,131,2016-03-29 05:10,story,Przemek Kudelka,Acrobatics,1,1
423,206,2015-03-21 13:35,showadvertisement,Fidelio Speak,Chinese yo-yo,0,1
424,175,2018-08-13 03:45,commentcontest,Big Mac,Unicycle,0,1
425,229,2017-04-15 16:35,video,Fidelio Speak,Artistic cycling,0,1
426,119,2013-12-29 04:55,story,Sanman Kontman,Animal training,1,1
427,22,2013-03-04 01:40,commentcontest,Przemek Kudelka,Artistic cycling,1,0
428,245,2017-01-16 15:40,photographs,Fidelio Speak,Animal training,1,0
429,122,2017-09-22 09:35,photographs,Glyn	Dobbing,Artistic cycling,1,0
430,59,2012-09-20 20:40,likecontest,Garnet	 Dregan,Hand walking,0,1
431,189,2014-06-02 16:30,artistbio,Hans Djekic,Artistic cycling,1,1
432,59,2018-06-29 13:35,likecontest,Glyn	Dobbing,Baton twirling,1,0
433,55,2012-08-14 15:25,commentcontest,Hope Dope,Acrobatics,1,1
434,133,2016-11-02 18:45,video,Big Mac,Baton twirling,1,1
435,215,2014-01-16 13:40,commentcontest,Sherry Scourgie,Unicycle,1,0
436,147,2014-01-15 13:20,story,Sheilah	 Matzeitis,Acrobatics,1,1
437,125,2017-11-10 12:05,artistbio,Olav	Winpenny,Artistic cycling,0,1
438,198,2019-03-04 08:45,artistbio,Olav	Winpenny,Chinese yo-yo,1,1
439,199,2017-06-22 17:45,likecontest,Fidelio Speak,Clown,1,0
440,138,2017-10-17 16:45,story,Hans Djekic,Unicycle,0,0
441,142,2017-01-11 16:40,likecontest,Water Druck,Artistic cycling,0,0
442,247,2014-02-20 20:30,photographs,Glyn	Dobbing,Unicycle,1,0
443,55,2014-06-02 11:25,video,Gisela Slatter,Hand walking,0,1
444,250,2018-06-25 17:35,photographs,Sherry Scourgie,Foot juggling,0,0
445,34,2014-06-27 23:50,commentcontest,Obious Fail,Clown,1,0
446,102,2016-09-06 01:40,artistbio,Cron Bon,Artistic cycling,0,1
447,226,2017-12-07 01:55,showadvertisement,Sherry Scourgie,Artistic cycling,1,0
448,192,2017-06-08 14:05,likecontest,Garnet	 Dregan,Tightrope walking,1,0
449,90,2015-07-14 13:10,story,Water Druck,Clown,0,0
450,4,2012-12-26 20:45,artistbio,Obious Fail,Tightrope walking,0,1
451,87,2014-06-10 20:00,video,Mc Chicken,Tightrope walking,1,0
452,52,2014-08-17 15:35,artistbio,Mc Chicken,Baton twirling,0,0
453,120,2012-08-21 11:40,artistbio,Mc Chicken,Balancing,1,0
454,102,2012-11-19 02:50,video,Hope Dope,Wheel of death,1,1
455,158,2018-05-26 13:50,showadvertisement,Sherry Scourgie,Hand walking,1,1
456,59,2014-01-12 01:30,photographs,Hans Djekic,Acrobatics,1,0
457,21,2016-05-06 01:35,artistbio,Big Mac,Hand walking,0,1
458,105,2017-12-30 19:25,showadvertisement,Obious Fail,Unicycle,0,0
459,6,2018-01-11 22:45,photographs,Water Druck,Hand walking,1,1
460,93,2016-12-15 23:55,artistbio,Przemek Kudelka,Mime,0,1
461,240,2014-07-04 13:20,showadvertisement,Sheilah	 Matzeitis,Tightrope walking,0,1
462,99,2015-06-19 08:35,artistbio,Gisela Slatter,Baton twirling,0,1
463,240,2017-01-02 19:20,likecontest,Hope Dope,Tightrope walking,0,0
464,76,2012-08-21 07:05,artistbio,Big Mac,Clown,0,1
465,165,2015-05-17 19:55,showadvertisement,Obious Fail,Chinese yo-yo,0,0
466,212,2016-05-06 10:20,likecontest,Water Druck,Mime,0,0
467,88,2014-10-25 17:05,artistbio,Mc Chicken,Artistic cycling,0,0
468,127,2018-10-13 02:20,photographs,Big Mac,Chinese yo-yo,0,1
469,216,2014-06-04 02:00,artistbio,Sheilah	 Matzeitis,Foot juggling,1,0
470,78,2015-07-12 23:20,artistbio,Cron Bon,Unicycle,0,1
471,141,2015-04-15 01:20,commentcontest,Fidelio Speak,Clown,0,1
472,178,2014-10-27 22:55,photographs,Przemek Kudelka,Clown,0,0
473,60,2013-10-18 00:10,story,Olav	Winpenny,Mime,1,0
474,183,2015-08-09 11:55,commentcontest,Garnet	 Dregan,Foot juggling,0,1
475,64,2017-05-02 15:40,artistbio,Cron Bon,Animal training,1,0
476,37,2013-10-21 01:45,video,Gisela Slatter,Balancing,0,1
477,128,2016-02-08 08:40,showadvertisement,Big Mac,Wheel of death,1,1
478,68,2015-01-30 12:05,story,Obious Fail,Clown,1,0
479,208,2016-01-14 10:25,likecontest,Gisela Slatter,Baton twirling,0,0
480,188,2016-11-15 14:50,commentcontest,Sanman Kontman,Mime,1,0
481,124,2016-12-28 21:25,showadvertisement,Cron Bon,Balancing,0,1
482,41,2012-11-27 13:40,likecontest,Glyn	Dobbing,Wheel of death,0,0
483,79,2017-05-14 16:25,artistbio,Obious Fail,Baton twirling,0,0
484,114,2018-10-14 11:20,photographs,Hope Dope,Artistic cycling,0,0
485,162,2018-09-05 05:40,photographs,Garnet	 Dregan,Animal training,1,0
486,38,2016-01-10 06:10,commentcontest,Water Druck,Balancing,1,1
487,201,2014-05-27 03:50,photographs,Mc Chicken,Mime,0,0
488,176,2017-06-14 07:50,artistbio,Hope Dope,Acrobatics,0,0
489,122,2014-05-14 16:55,artistbio,Big Mac,Balancing,1,0
490,170,2014-05-15 05:45,photographs,Garnet	 Dregan,Chinese yo-yo,1,1
491,2,2017-08-24 06:50,showadvertisement,Olav	Winpenny,Fire performance,1,1
492,141,2015-04-16 11:40,story,Fidelio Speak,Animal training,0,1
493,156,2014-12-13 07:05,video,Olav	Winpenny,Chinese yo-yo,1,1
494,9,2013-09-20 05:45,photographs,Obious Fail,Wheel of death,1,1
495,52,2016-11-30 19:50,photographs,Mc Chicken,Animal training,1,0
496,64,2017-05-20 12:20,commentcontest,Hope Dope,Mime,0,0
497,75,2017-02-27 20:25,photographs,Garnet	 Dregan,Foot juggling,1,1
498,125,2018-05-27 17:35,photographs,Sherry Scourgie,Fire performance,0,0
499,120,2014-08-05 16:05,video,Fidelio Speak,Acrobatics,0,1
500,213,2012-01-27 18:35,showadvertisement,Fidelio Speak,Baton twirling,0,0
501,87,2013-07-27 19:50,commentcontest,Mc Chicken,Artistic cycling,0,0
502,220,2012-06-21 18:30,photographs,Sheilah	 Matzeitis,Wheel of death,0,1
503,243,2012-07-12 04:45,commentcontest,Glyn	Dobbing,Foot juggling,0,1
504,182,2018-07-25 14:15,commentcontest,Sheilah	 Matzeitis,Clown,1,1
505,192,2013-05-24 13:00,likecontest,Fidelio Speak,Hand walking,0,0
506,76,2016-01-31 16:50,video,Sherry Scourgie,Tightrope walking,1,1
507,123,2014-05-14 05:15,story,Cron Bon,Wheel of death,1,1
508,64,2015-03-04 02:35,likecontest,Big Mac,Mime,0,0
509,167,2018-12-13 14:05,showadvertisement,Garnet	 Dregan,Clown,0,1
510,78,2018-09-16 19:55,video,Olav	Winpenny,Foot juggling,1,1
511,171,2014-09-11 18:35,likecontest,Gisela Slatter,Chinese yo-yo,0,1
512,82,2013-05-11 20:55,story,Olav	Winpenny,Fire performance,0,0
513,21,2017-10-26 21:10,story,Przemek Kudelka,Fire performance,1,0
514,118,2012-08-11 18:10,artistbio,Big Mac,Mime,1,1
515,221,2015-12-27 08:30,likecontest,Glyn	Dobbing,Chinese yo-yo,1,1
516,222,2017-02-05 08:15,video,Olav	Winpenny,Fire performance,0,1
517,11,2014-10-17 06:10,likecontest,Garnet	 Dregan,Wheel of death,0,0
518,73,2018-09-04 07:35,commentcontest,Glyn	Dobbing,Chinese yo-yo,1,1
519,212,2012-08-09 18:50,commentcontest,Fidelio Speak,Baton twirling,1,0
520,48,2014-07-25 07:00,likecontest,Hans Djekic,Clown,1,0
521,210,2015-03-30 09:30,commentcontest,Sherry Scourgie,Balancing,0,0
522,138,2013-10-07 20:30,showadvertisement,Sanman Kontman,Wheel of death,0,0
523,61,2017-06-03 14:45,photographs,Przemek Kudelka,Fire performance,0,1
524,46,2016-01-01 05:25,likecontest,Cron Bon,Artistic cycling,0,0
525,180,2016-11-10 06:35,commentcontest,Przemek Kudelka,Animal training,1,0
526,17,2012-08-20 11:00,commentcontest,Hans Djekic,Clown,0,0
527,191,2016-03-11 05:20,artistbio,Sanman Kontman,Clown,0,0
528,229,2012-05-01 03:15,artistbio,Przemek Kudelka,Wheel of death,0,0
529,246,2012-09-23 22:35,commentcontest,Mc Chicken,Acrobatics,0,1
530,105,2018-07-11 00:50,commentcontest,Big Mac,Foot juggling,0,1
531,53,2012-07-26 17:55,artistbio,Sherry Scourgie,Mime,0,1
532,61,2017-10-24 14:55,likecontest,Big Mac,Artistic cycling,0,1
533,121,2014-10-30 20:40,likecontest,Fidelio Speak,Mime,1,1
534,11,2012-08-20 02:00,photographs,Sanman Kontman,Foot juggling,1,0
535,233,2019-01-03 20:55,video,Hans Djekic,Chinese yo-yo,1,1
536,184,2014-10-25 08:40,photographs,Mc Chicken,Hand walking,0,0
537,186,2013-09-25 04:50,story,Mc Chicken,Acrobatics,0,0
538,5,2016-04-30 01:35,showadvertisement,Fidelio Speak,Clown,1,0
539,231,2016-11-27 18:10,photographs,Mc Chicken,Clown,0,0
540,165,2015-01-06 15:50,video,Obious Fail,Mime,1,0
541,147,2013-03-14 07:30,photographs,Przemek Kudelka,Unicycle,1,1
542,59,2014-04-25 12:40,likecontest,Hans Djekic,Hand walking,1,0
543,131,2014-12-25 05:20,likecontest,Garnet	 Dregan,Unicycle,0,0
544,37,2016-11-13 18:30,likecontest,Obious Fail,Foot juggling,0,0
545,177,2014-08-29 21:40,showadvertisement,Olav	Winpenny,Unicycle,0,1
546,202,2014-09-13 05:55,story,Sherry Scourgie,Artistic cycling,1,0
547,233,2012-07-19 07:50,photographs,Sheilah	 Matzeitis,Tightrope walking,1,1
548,60,2015-09-18 18:40,story,Mc Chicken,Fire performance,1,1
549,77,2019-02-13 21:35,story,Fidelio Speak,Foot juggling,0,1
550,46,2016-06-27 02:55,story,Water Druck,Unicycle,0,1
551,83,2015-07-02 11:10,artistbio,Fidelio Speak,Hand walking,0,1
552,140,2015-10-02 01:50,photographs,Gisela Slatter,Tightrope walking,0,0
553,183,2014-07-01 08:10,artistbio,Glyn	Dobbing,Fire performance,0,1
554,44,2014-03-21 11:05,story,Fidelio Speak,Mime,0,1
555,136,2015-11-27 14:05,commentcontest,Obious Fail,Baton twirling,1,1
556,198,2014-11-19 13:05,photographs,Sanman Kontman,Artistic cycling,0,1
557,229,2016-08-25 15:55,video,Sanman Kontman,Artistic cycling,0,1
558,185,2018-07-22 07:30,showadvertisement,Przemek Kudelka,Baton twirling,1,0
559,115,2016-10-22 16:25,showadvertisement,Glyn	Dobbing,Fire performance,1,1
560,240,2014-06-27 10:10,likecontest,Cron Bon,Balancing,1,1
561,40,2015-10-11 14:00,video,Hope Dope,Chinese yo-yo,0,1
562,152,2015-01-14 18:45,commentcontest,Mc Chicken,Chinese yo-yo,1,0
563,57,2012-11-22 23:40,artistbio,Przemek Kudelka,Balancing,1,0
564,93,2017-08-30 10:05,video,Hans Djekic,Unicycle,0,0
565,39,2017-09-15 07:25,photographs,Big Mac,Baton twirling,0,0
566,162,2015-07-05 09:15,likecontest,Big Mac,Wheel of death,0,1
567,70,2016-09-12 00:45,likecontest,Gisela Slatter,Wheel of death,0,1
568,39,2016-08-15 23:30,likecontest,Sanman Kontman,Fire performance,1,1
569,73,2016-08-18 21:30,commentcontest,Sanman Kontman,Baton twirling,0,1
570,245,2013-02-22 19:20,artistbio,Hope Dope,Fire performance,1,0
571,13,2018-06-20 11:15,commentcontest,Sanman Kontman,Unicycle,0,0
572,16,2014-06-26 17:30,commentcontest,Sanman Kontman,Foot juggling,1,1
573,158,2016-03-11 09:10,story,Big Mac,Wheel of death,0,1
574,161,2012-03-14 17:40,video,Obious Fail,Tightrope walking,1,1
575,80,2014-06-04 00:55,commentcontest,Przemek Kudelka,Foot juggling,1,1
576,226,2016-09-17 09:15,story,Glyn	Dobbing,Acrobatics,0,1
577,62,2013-12-05 17:45,likecontest,Cron Bon,Fire performance,1,1
578,118,2016-12-25 03:45,story,Olav	Winpenny,Fire performance,0,0
579,207,2016-08-20 04:30,likecontest,Sanman Kontman,Hand walking,1,0
580,160,2016-02-04 02:35,photographs,Water Druck,Baton twirling,0,1
581,216,2014-01-15 23:05,video,Przemek Kudelka,Animal training,1,0
582,94,2016-01-22 21:20,photographs,Cron Bon,Unicycle,0,0
583,57,2014-09-30 14:40,showadvertisement,Sherry Scourgie,Acrobatics,1,0
584,126,2017-09-02 12:15,showadvertisement,Sheilah	 Matzeitis,Unicycle,0,1
585,85,2013-12-16 04:20,video,Glyn	Dobbing,Tightrope walking,0,0
586,1,2012-07-27 22:50,artistbio,Przemek Kudelka,Wheel of death,1,1
587,195,2017-08-24 05:25,likecontest,Mc Chicken,Clown,1,1
588,35,2017-02-13 04:50,photographs,Sherry Scourgie,Fire performance,0,1
589,90,2018-09-29 20:10,artistbio,Fidelio Speak,Baton twirling,1,0
590,151,2012-04-07 19:00,photographs,Gisela Slatter,Acrobatics,0,1
591,76,2013-06-25 08:20,story,Sheilah	 Matzeitis,Unicycle,1,1
592,74,2018-04-17 17:20,photographs,Mc Chicken,Chinese yo-yo,1,1
593,208,2015-02-11 06:50,photographs,Hans Djekic,Fire performance,1,1
594,236,2018-05-14 08:45,commentcontest,Fidelio Speak,Chinese yo-yo,1,0
595,85,2013-04-17 10:10,artistbio,Sheilah	 Matzeitis,Wheel of death,0,0
596,203,2013-09-27 06:00,showadvertisement,Hope Dope,Baton twirling,1,0
597,202,2018-12-24 20:35,video,Olav	Winpenny,Unicycle,0,0
598,15,2012-12-05 20:20,commentcontest,Water Druck,Artistic cycling,0,0
599,177,2015-11-03 13:30,story,Sherry Scourgie,Mime,1,1
600,80,2013-06-01 23:10,likecontest,Mc Chicken,Balancing,0,1
601,44,2013-04-29 01:30,showadvertisement,Water Druck,Animal training,1,0
602,244,2014-04-18 13:45,likecontest,Fidelio Speak,Chinese yo-yo,1,1
603,197,2016-11-04 02:40,commentcontest,Hans Djekic,Chinese yo-yo,0,1
604,235,2015-11-02 05:05,likecontest,Hans Djekic,Foot juggling,1,1
605,102,2012-10-16 20:45,commentcontest,Hans Djekic,Baton twirling,0,0
606,178,2015-05-30 02:40,story,Mc Chicken,Acrobatics,1,0
607,241,2014-06-06 15:00,showadvertisement,Obious Fail,Clown,1,0
608,232,2018-02-09 12:15,commentcontest,Sherry Scourgie,Baton twirling,1,0
609,8,2017-10-09 00:20,showadvertisement,Gisela Slatter,Tightrope walking,1,1
610,199,2015-05-03 11:55,likecontest,Olav	Winpenny,Acrobatics,1,1
611,196,2014-05-17 19:40,story,Mc Chicken,Artistic cycling,0,0
612,192,2016-04-04 17:50,commentcontest,Mc Chicken,Hand walking,0,1
613,126,2017-07-11 02:00,story,Garnet	 Dregan,Unicycle,0,1
614,186,2018-06-18 00:40,video,Fidelio Speak,Baton twirling,1,1
615,54,2016-05-14 22:40,likecontest,Water Druck,Wheel of death,0,0
616,36,2012-09-22 19:50,photographs,Sanman Kontman,Fire performance,0,0
617,173,2013-12-18 20:15,likecontest,Garnet	 Dregan,Baton twirling,0,1
618,220,2012-02-17 01:05,story,Gisela Slatter,Chinese yo-yo,0,1
619,15,2017-11-07 14:50,story,Cron Bon,Acrobatics,0,0
620,206,2012-03-03 22:35,photographs,Mc Chicken,Artistic cycling,0,1
621,143,2014-12-06 03:30,video,Fidelio Speak,Hand walking,1,0
622,1,2014-01-04 22:40,likecontest,Cron Bon,Wheel of death,1,1
623,235,2016-06-06 12:40,commentcontest,Water Druck,Baton twirling,0,1
624,221,2013-11-04 23:15,photographs,Garnet	 Dregan,Tightrope walking,1,0
625,97,2019-01-15 00:05,video,Fidelio Speak,Acrobatics,0,1
626,101,2014-10-08 06:45,commentcontest,Gisela Slatter,Clown,1,0
627,172,2018-12-23 02:15,photographs,Glyn	Dobbing,Animal training,0,0
628,120,2017-10-29 00:00,likecontest,Olav	Winpenny,Artistic cycling,1,1
629,52,2017-12-31 21:40,commentcontest,Obious Fail,Tightrope walking,1,0
630,80,2015-12-13 22:45,commentcontest,Glyn	Dobbing,Acrobatics,1,0
631,46,2016-12-21 06:30,photographs,Water Druck,Artistic cycling,0,0
632,125,2013-10-29 18:45,photographs,Hope Dope,Baton twirling,0,0
633,64,2016-03-13 14:20,story,Sherry Scourgie,Hand walking,0,0
634,14,2017-12-13 13:55,commentcontest,Mc Chicken,Baton twirling,1,1
635,106,2017-04-01 22:10,artistbio,Sherry Scourgie,Tightrope walking,0,0
636,134,2013-01-13 09:55,showadvertisement,Olav	Winpenny,Hand walking,1,1
637,2,2012-01-07 05:45,commentcontest,Mc Chicken,Animal training,1,0
638,150,2012-07-08 01:30,commentcontest,Cron Bon,Animal training,1,1
639,178,2018-07-04 00:55,artistbio,Water Druck,Hand walking,1,0
640,213,2012-04-21 20:00,photographs,Big Mac,Balancing,0,0
641,222,2016-09-12 10:45,showadvertisement,Hans Djekic,Fire performance,0,1
642,172,2012-05-17 12:20,video,Hope Dope,Unicycle,1,1
643,82,2017-03-06 03:20,commentcontest,Obious Fail,Artistic cycling,0,1
644,14,2014-12-29 23:50,photographs,Sheilah	 Matzeitis,Balancing,0,1
645,154,2018-10-28 16:55,likecontest,Gisela Slatter,Wheel of death,1,0
646,7,2012-03-05 22:10,video,Mc Chicken,Fire performance,1,1
647,245,2014-04-03 16:45,photographs,Gisela Slatter,Fire performance,1,0
648,230,2017-12-08 21:30,photographs,Fidelio Speak,Acrobatics,0,0
649,158,2015-01-12 09:00,photographs,Fidelio Speak,Hand walking,0,0
650,87,2014-07-31 09:00,commentcontest,Mc Chicken,Baton twirling,1,0
651,240,2015-02-14 14:55,artistbio,Olav	Winpenny,Acrobatics,1,1
652,166,2013-01-18 03:50,video,Garnet	 Dregan,Balancing,0,0
653,81,2018-02-21 11:50,artistbio,Water Druck,Balancing,1,0
654,63,2015-07-10 02:10,showadvertisement,Mc Chicken,Acrobatics,0,1
655,95,2014-06-09 03:10,commentcontest,Hans Djekic,Chinese yo-yo,1,0
656,48,2012-03-02 04:50,video,Sheilah	 Matzeitis,Fire performance,1,1
657,4,2018-07-12 09:30,likecontest,Garnet	 Dregan,Clown,1,1
658,151,2013-09-08 18:35,likecontest,Olav	Winpenny,Hand walking,1,0
659,249,2017-01-05 05:05,video,Glyn	Dobbing,Fire performance,0,0
660,46,2017-06-19 15:45,commentcontest,Big Mac,Animal training,1,0
661,140,2016-08-31 01:15,photographs,Sanman Kontman,Unicycle,1,1
662,4,2014-09-05 18:10,photographs,Obious Fail,Chinese yo-yo,1,0
663,165,2015-10-27 15:20,showadvertisement,Big Mac,Foot juggling,0,1
664,225,2013-01-21 16:05,likecontest,Water Druck,Animal training,1,1
665,114,2013-02-16 02:55,artistbio,Cron Bon,Clown,1,1
666,4,2015-05-20 00:40,story,Sherry Scourgie,Chinese yo-yo,1,1
667,116,2015-07-13 04:20,video,Glyn	Dobbing,Baton twirling,1,1
668,232,2013-02-25 17:25,artistbio,Mc Chicken,Foot juggling,1,0
669,235,2012-06-27 01:50,video,Sheilah	 Matzeitis,Balancing,0,0
670,205,2016-10-27 07:50,commentcontest,Sherry Scourgie,Acrobatics,1,1
671,119,2016-03-06 12:20,video,Big Mac,Mime,0,0
672,196,2012-05-06 23:55,likecontest,Obious Fail,Artistic cycling,0,0
673,2,2015-08-07 12:50,artistbio,Garnet	 Dregan,Animal training,1,1
674,217,2015-09-14 14:55,likecontest,Gisela Slatter,Wheel of death,1,0
675,215,2014-06-17 13:15,video,Sheilah	 Matzeitis,Acrobatics,1,0
676,1,2013-01-22 13:40,commentcontest,Sheilah	 Matzeitis,Fire performance,0,0
677,3,2017-01-17 01:45,likecontest,Olav	Winpenny,Chinese yo-yo,0,1
678,64,2013-04-16 17:25,video,Water Druck,Mime,1,0
679,166,2015-07-06 06:40,likecontest,Sherry Scourgie,Chinese yo-yo,1,0
680,100,2018-07-06 16:25,likecontest,Cron Bon,Animal training,1,1
681,244,2018-01-04 09:15,story,Glyn	Dobbing,Unicycle,0,1
682,156,2016-11-20 21:55,commentcontest,Sheilah	 Matzeitis,Artistic cycling,1,1
683,188,2016-05-08 05:20,showadvertisement,Sheilah	 Matzeitis,Hand walking,1,0
684,119,2014-06-29 02:45,story,Water Druck,Artistic cycling,1,0
685,176,2014-02-10 02:15,video,Olav	Winpenny,Artistic cycling,1,0
686,111,2018-01-19 21:45,story,Gisela Slatter,Baton twirling,0,0
687,210,2013-05-09 07:25,artistbio,Water Druck,Tightrope walking,1,0
688,9,2014-05-10 20:30,artistbio,Sheilah	 Matzeitis,Balancing,0,1
689,97,2014-05-25 03:55,video,Sheilah	 Matzeitis,Fire performance,0,0
690,198,2013-10-29 19:45,artistbio,Glyn	Dobbing,Acrobatics,0,1
691,174,2015-07-02 22:50,story,Gisela Slatter,Artistic cycling,0,1
692,140,2012-06-06 06:05,story,Sherry Scourgie,Mime,0,1
693,106,2013-02-19 04:50,photographs,Sheilah	 Matzeitis,Unicycle,1,1
694,107,2017-11-07 18:55,showadvertisement,Obious Fail,Balancing,0,1
695,242,2012-06-17 03:10,photographs,Hans Djekic,Artistic cycling,0,0
696,55,2014-04-09 11:00,commentcontest,Big Mac,Tightrope walking,0,0
697,0,2017-05-30 00:05,story,Cron Bon,Tightrope walking,0,1
698,123,2017-04-02 23:35,video,Water Druck,Acrobatics,0,0
699,225,2012-12-14 11:10,story,Sheilah	 Matzeitis,Unicycle,1,1
700,148,2017-04-30 06:00,showadvertisement,Sherry Scourgie,Clown,1,1
701,91,2014-04-23 14:15,story,Gisela Slatter,Unicycle,1,0
702,118,2015-10-03 13:00,showadvertisement,Garnet	 Dregan,Wheel of death,0,0
703,160,2018-07-13 02:55,artistbio,Water Druck,Acrobatics,1,1
704,14,2015-05-10 05:25,story,Sheilah	 Matzeitis,Balancing,0,1
705,215,2015-09-22 07:15,artistbio,Sherry Scourgie,Mime,1,1
706,155,2019-01-21 10:50,artistbio,Obious Fail,Chinese yo-yo,1,0
707,90,2017-08-03 05:55,showadvertisement,Gisela Slatter,Wheel of death,0,1
708,210,2019-02-07 10:40,video,Sanman Kontman,Baton twirling,1,1
709,116,2013-12-10 08:35,story,Sanman Kontman,Chinese yo-yo,1,1
710,158,2014-12-19 19:15,showadvertisement,Mc Chicken,Animal training,1,0
711,234,2017-11-24 07:20,likecontest,Big Mac,Animal training,1,1
712,190,2015-03-01 04:25,photographs,Przemek Kudelka,Baton twirling,1,1
713,137,2015-05-25 14:30,likecontest,Hope Dope,Hand walking,0,1
714,63,2012-04-29 06:35,story,Mc Chicken,Fire performance,1,1
715,243,2017-03-20 00:20,video,Sheilah	 Matzeitis,Baton twirling,0,1
716,35,2013-09-01 10:10,story,Sheilah	 Matzeitis,Baton twirling,1,0
717,56,2017-01-13 20:00,commentcontest,Hope Dope,Clown,1,1
718,160,2018-05-02 18:05,commentcontest,Mc Chicken,Foot juggling,0,0
719,163,2019-03-02 21:00,video,Water Druck,Clown,0,0
720,100,2015-09-14 18:05,story,Sheilah	 Matzeitis,Hand walking,1,1
721,249,2015-07-01 02:20,video,Water Druck,Acrobatics,1,1
722,26,2016-03-19 02:35,video,Cron Bon,Tightrope walking,1,0
723,38,2012-03-28 10:40,artistbio,Garnet	 Dregan,Artistic cycling,0,0
724,55,2016-01-29 13:55,showadvertisement,Przemek Kudelka,Hand walking,1,1
725,211,2014-04-11 21:35,story,Big Mac,Tightrope walking,0,1
726,62,2015-12-18 15:35,photographs,Big Mac,Chinese yo-yo,0,0
727,173,2013-09-13 07:10,photographs,Fidelio Speak,Clown,0,1
728,138,2013-12-14 04:10,showadvertisement,Mc Chicken,Baton twirling,1,0
729,211,2016-12-07 08:25,video,Sanman Kontman,Acrobatics,0,0
730,62,2012-10-09 15:00,showadvertisement,Hans Djekic,Animal training,0,1
731,216,2014-04-09 17:50,likecontest,Obious Fail,Hand walking,1,0
732,93,2012-09-22 01:35,showadvertisement,Hans Djekic,Wheel of death,1,0
733,225,2013-02-03 21:15,artistbio,Przemek Kudelka,Balancing,0,0
734,232,2017-10-03 04:45,photographs,Gisela Slatter,Unicycle,0,1
735,131,2017-07-17 15:15,story,Big Mac,Artistic cycling,1,1
736,46,2019-01-20 21:30,commentcontest,Sanman Kontman,Chinese yo-yo,0,1
737,109,2012-03-03 03:20,artistbio,Garnet	 Dregan,Artistic cycling,0,0
738,33,2012-12-23 20:10,likecontest,Hans Djekic,Animal training,1,0
739,91,2015-11-13 15:40,photographs,Hope Dope,Fire performance,1,1
740,80,2012-06-18 05:40,video,Olav	Winpenny,Tightrope walking,0,0
741,113,2013-03-02 21:30,photographs,Sanman Kontman,Chinese yo-yo,1,0
742,237,2012-05-07 09:10,video,Przemek Kudelka,Artistic cycling,0,1
743,160,2016-05-07 19:25,story,Sanman Kontman,Unicycle,1,1
744,109,2017-11-01 02:05,photographs,Garnet	 Dregan,Baton twirling,1,1
745,181,2015-11-10 05:00,video,Cron Bon,Clown,0,0
746,219,2018-11-22 18:35,artistbio,Fidelio Speak,Fire performance,0,1
747,212,2014-01-26 00:10,video,Obious Fail,Wheel of death,1,0
748,0,2012-05-05 20:15,artistbio,Olav	Winpenny,Tightrope walking,1,1
749,156,2013-09-10 14:10,artistbio,Mc Chicken,Mime,0,0
750,61,2013-06-07 13:30,story,Big Mac,Wheel of death,1,0
751,126,2015-12-27 21:45,commentcontest,Mc Chicken,Acrobatics,0,0
752,38,2018-02-09 13:00,likecontest,Sanman Kontman,Artistic cycling,1,0
753,243,2012-08-20 08:55,showadvertisement,Fidelio Speak,Fire performance,0,0
754,157,2017-08-19 09:00,likecontest,Gisela Slatter,Acrobatics,0,1
755,162,2018-11-12 16:50,story,Sheilah	 Matzeitis,Tightrope walking,0,0
756,183,2018-05-13 18:10,video,Sherry Scourgie,Fire performance,1,1
757,28,2017-10-26 19:35,likecontest,Big Mac,Tightrope walking,0,1
758,84,2014-04-05 14:35,commentcontest,Gisela Slatter,Fire performance,0,1
759,24,2012-02-23 23:25,artistbio,Gisela Slatter,Foot juggling,1,1
760,187,2012-06-24 13:10,commentcontest,Sherry Scourgie,Acrobatics,1,1
761,90,2016-10-12 23:35,photographs,Fidelio Speak,Baton twirling,1,0
762,63,2012-05-21 03:35,video,Obious Fail,Unicycle,1,0
763,31,2018-05-05 14:40,artistbio,Hans Djekic,Foot juggling,0,0
764,99,2012-12-20 05:00,likecontest,Obious Fail,Clown,0,1
765,44,2012-02-08 22:10,story,Olav	Winpenny,Acrobatics,1,0
766,118,2016-12-01 19:25,commentcontest,Garnet	 Dregan,Chinese yo-yo,0,0
767,124,2012-10-04 22:00,commentcontest,Hans Djekic,Balancing,1,0
768,62,2013-09-11 05:15,likecontest,Gisela Slatter,Chinese yo-yo,0,1
769,14,2016-06-28 06:25,artistbio,Przemek Kudelka,Wheel of death,1,1
770,1,2014-03-25 23:40,showadvertisement,Sanman Kontman,Tightrope walking,1,1
771,97,2014-03-29 23:45,story,Water Druck,Artistic cycling,0,0
772,74,2012-11-10 22:35,photographs,Olav	Winpenny,Mime,1,1
773,70,2016-05-23 21:25,photographs,Gisela Slatter,Hand walking,1,0
774,170,2018-01-04 15:05,likecontest,Hope Dope,Unicycle,0,1
775,150,2013-06-11 00:20,showadvertisement,Sherry Scourgie,Balancing,1,1
776,27,2018-04-17 05:40,likecontest,Hans Djekic,Foot juggling,0,0
777,191,2013-06-10 18:30,commentcontest,Garnet	 Dregan,Baton twirling,1,1
778,154,2016-08-15 11:25,commentcontest,Olav	Winpenny,Wheel of death,0,0
779,36,2016-09-17 23:50,artistbio,Olav	Winpenny,Artistic cycling,1,0
780,78,2014-03-17 11:10,photographs,Sherry Scourgie,Acrobatics,0,0
781,238,2014-10-28 13:20,showadvertisement,Olav	Winpenny,Tightrope walking,0,1
782,114,2016-09-22 04:35,showadvertisement,Glyn	Dobbing,Foot juggling,1,1
783,60,2013-03-05 19:55,likecontest,Hans Djekic,Hand walking,1,0
784,59,2012-04-13 15:05,story,Gisela Slatter,Artistic cycling,1,0
785,71,2017-11-05 01:40,video,Olav	Winpenny,Fire performance,0,0
786,223,2014-12-31 03:00,artistbio,Olav	Winpenny,Chinese yo-yo,1,0
787,26,2017-01-13 14:00,photographs,Hans Djekic,Chinese yo-yo,1,0
788,130,2015-04-23 11:50,likecontest,Sherry Scourgie,Wheel of death,0,1
789,192,2015-05-17 08:45,showadvertisement,Sheilah	 Matzeitis,Hand walking,1,1
790,173,2016-10-02 06:10,video,Gisela Slatter,Chinese yo-yo,1,1
791,224,2013-09-07 17:10,story,Big Mac,Baton twirling,1,0
792,234,2014-10-07 05:15,video,Water Druck,Acrobatics,1,1
793,10,2016-02-18 09:10,story,Fidelio Speak,Artistic cycling,1,0
794,184,2016-09-25 02:55,showadvertisement,Fidelio Speak,Artistic cycling,0,1
795,154,2014-10-28 01:05,photographs,Garnet	 Dregan,Chinese yo-yo,0,1
796,244,2012-08-14 22:30,artistbio,Hope Dope,Tightrope walking,1,0
797,15,2014-05-18 18:15,artistbio,Hope Dope,Chinese yo-yo,0,0
798,12,2015-05-20 10:00,artistbio,Glyn	Dobbing,Foot juggling,1,0
799,70,2012-02-08 01:25,artistbio,Fidelio Speak,Unicycle,1,1
800,245,2012-03-18 08:20,artistbio,Big Mac,Foot juggling,0,1
801,22,2018-07-20 14:50,story,Sheilah	 Matzeitis,Acrobatics,1,0
802,228,2017-11-14 19:10,showadvertisement,Sheilah	 Matzeitis,Fire performance,0,1
803,127,2017-10-04 21:15,artistbio,Sherry Scourgie,Foot juggling,1,0
804,220,2014-09-16 22:30,story,Sherry Scourgie,Chinese yo-yo,0,1
805,30,2012-07-27 21:30,photographs,Przemek Kudelka,Clown,0,0
806,219,2017-04-09 23:20,photographs,Hope Dope,Wheel of death,1,0
807,72,2012-11-15 11:55,commentcontest,Gisela Slatter,Wheel of death,0,0
808,161,2012-04-03 19:45,likecontest,Mc Chicken,Balancing,1,1
809,227,2014-07-07 00:35,story,Big Mac,Animal training,0,1
810,194,2015-03-19 17:25,story,Przemek Kudelka,Animal training,1,1
811,107,2017-01-02 18:05,video,Sherry Scourgie,Artistic cycling,0,1
812,52,2014-05-29 17:55,video,Glyn	Dobbing,Tightrope walking,0,0
813,149,2018-09-09 03:40,artistbio,Sanman Kontman,Balancing,0,1
814,163,2012-02-20 08:35,artistbio,Sanman Kontman,Baton twirling,1,1
815,220,2014-04-08 19:25,likecontest,Water Druck,Clown,0,0
816,247,2018-12-31 00:10,video,Gisela Slatter,Fire performance,1,1
817,200,2015-01-18 12:30,story,Glyn	Dobbing,Acrobatics,0,0
818,69,2018-01-27 23:15,showadvertisement,Water Druck,Mime,0,0
819,158,2014-11-02 12:55,showadvertisement,Cron Bon,Balancing,1,0
820,15,2013-11-13 19:40,commentcontest,Sanman Kontman,Fire performance,0,1
821,152,2013-05-06 03:20,commentcontest,Gisela Slatter,Unicycle,1,1
822,150,2013-10-26 20:35,commentcontest,Hans Djekic,Hand walking,0,1
823,196,2015-11-09 14:30,showadvertisement,Hans Djekic,Artistic cycling,1,0
824,84,2017-03-11 00:10,story,Hope Dope,Hand walking,1,1
825,138,2016-06-01 16:55,story,Hope Dope,Mime,0,0
826,93,2012-04-09 17:35,showadvertisement,Mc Chicken,Mime,1,0
827,144,2016-02-14 12:00,photographs,Water Druck,Unicycle,1,1
828,36,2015-08-24 08:50,artistbio,Przemek Kudelka,Acrobatics,0,0
829,246,2015-09-30 07:20,photographs,Hope Dope,Hand walking,1,1
830,50,2017-01-24 10:30,video,Sherry Scourgie,Mime,1,0
831,216,2017-04-12 01:25,showadvertisement,Glyn	Dobbing,Fire performance,1,0
832,186,2014-11-27 16:20,commentcontest,Sherry Scourgie,Animal training,1,1
833,201,2016-10-14 01:10,video,Hope Dope,Animal training,0,1
834,51,2015-11-05 00:05,artistbio,Mc Chicken,Artistic cycling,1,1
835,102,2014-06-18 01:35,showadvertisement,Fidelio Speak,Unicycle,1,0
836,72,2016-01-04 07:35,video,Garnet	 Dregan,Balancing,0,0
837,10,2014-09-25 22:25,showadvertisement,Mc Chicken,Clown,1,0
838,218,2017-10-29 15:10,showadvertisement,Hope Dope,Animal training,0,0
839,74,2017-06-16 23:30,showadvertisement,Sheilah	 Matzeitis,Chinese yo-yo,0,1
840,210,2019-02-09 00:05,photographs,Hans Djekic,Animal training,0,1
841,94,2014-12-27 17:50,story,Gisela Slatter,Artistic cycling,1,1
842,79,2015-07-08 19:20,video,Water Druck,Tightrope walking,0,1
843,174,2012-02-21 05:15,story,Sheilah	 Matzeitis,Hand walking,0,0
844,65,2014-09-25 17:55,artistbio,Mc Chicken,Clown,0,0
845,242,2012-12-30 04:15,showadvertisement,Olav	Winpenny,Hand walking,0,1
846,229,2013-11-17 23:00,commentcontest,Fidelio Speak,Foot juggling,0,1
847,86,2016-08-07 09:45,likecontest,Hans Djekic,Balancing,0,0
848,46,2015-01-06 09:00,likecontest,Mc Chicken,Fire performance,1,1
849,20,2014-06-21 04:25,commentcontest,Cron Bon,Acrobatics,1,0
850,17,2012-03-16 17:25,likecontest,Glyn	Dobbing,Chinese yo-yo,0,0
851,168,2015-09-09 22:50,likecontest,Glyn	Dobbing,Hand walking,0,0
852,36,2017-11-13 16:05,artistbio,Cron Bon,Hand walking,1,1
853,19,2013-08-18 04:50,likecontest,Przemek Kudelka,Tightrope walking,0,1
854,188,2012-01-27 08:50,commentcontest,Olav	Winpenny,Foot juggling,0,1
855,76,2014-06-07 06:25,photographs,Hope Dope,Artistic cycling,0,1
856,145,2012-05-23 21:05,showadvertisement,Sanman Kontman,Chinese yo-yo,0,0
857,107,2017-08-31 12:30,commentcontest,Glyn	Dobbing,Unicycle,0,0
858,250,2015-02-25 10:20,commentcontest,Olav	Winpenny,Artistic cycling,1,1
859,194,2016-05-27 16:25,likecontest,Sheilah	 Matzeitis,Acrobatics,0,1
860,101,2014-07-10 07:35,likecontest,Obious Fail,Acrobatics,1,0
861,33,2012-04-04 03:50,photographs,Olav	Winpenny,Mime,0,0
862,176,2016-06-15 06:15,likecontest,Olav	Winpenny,Mime,0,1
863,195,2012-03-24 00:20,likecontest,Sherry Scourgie,Chinese yo-yo,1,0
864,58,2014-10-01 21:30,likecontest,Garnet	 Dregan,Baton twirling,0,0
865,242,2018-04-01 16:35,showadvertisement,Garnet	 Dregan,Animal training,0,0
866,178,2016-07-24 12:45,video,Olav	Winpenny,Baton twirling,1,1
867,157,2014-06-12 08:55,likecontest,Sherry Scourgie,Acrobatics,0,0
868,162,2013-01-12 01:20,story,Cron Bon,Animal training,0,1
869,62,2017-12-25 07:30,story,Fidelio Speak,Chinese yo-yo,0,0
870,179,2014-10-24 01:15,artistbio,Fidelio Speak,Unicycle,0,1
871,246,2013-04-08 15:45,video,Sherry Scourgie,Artistic cycling,0,1
872,128,2018-02-16 19:10,photographs,Obious Fail,Balancing,1,0
873,164,2012-02-14 00:50,showadvertisement,Sanman Kontman,Balancing,0,0
874,146,2013-08-18 21:30,photographs,Przemek Kudelka,Fire performance,0,0
875,59,2016-07-15 01:45,showadvertisement,Obious Fail,Balancing,0,0
876,59,2019-02-13 03:05,artistbio,Big Mac,Acrobatics,1,0
877,197,2012-08-29 10:05,likecontest,Hope Dope,Unicycle,1,0
878,190,2017-02-18 23:20,likecontest,Przemek Kudelka,Artistic cycling,1,0
879,57,2014-08-11 00:05,video,Water Druck,Mime,0,0
880,47,2017-03-31 12:25,likecontest,Gisela Slatter,Animal training,1,0
881,170,2016-12-14 02:25,showadvertisement,Mc Chicken,Tightrope walking,0,0
882,185,2015-10-30 00:50,showadvertisement,Sanman Kontman,Tightrope walking,1,0
883,19,2018-07-01 13:10,showadvertisement,Przemek Kudelka,Unicycle,0,1
884,110,2014-09-24 02:05,artistbio,Sheilah	 Matzeitis,Unicycle,1,0
885,209,2015-06-17 05:45,showadvertisement,Sheilah	 Matzeitis,Animal training,1,0
886,233,2018-10-22 23:10,showadvertisement,Cron Bon,Tightrope walking,0,0
887,213,2014-10-31 08:15,artistbio,Fidelio Speak,Clown,1,1
888,18,2017-03-02 23:00,artistbio,Big Mac,Artistic cycling,0,0
889,235,2012-06-13 07:00,photographs,Garnet	 Dregan,Tightrope walking,1,0
890,129,2013-01-02 18:30,video,Olav	Winpenny,Mime,0,1
891,140,2015-12-12 01:15,photographs,Cron Bon,Fire performance,0,0
892,170,2015-01-13 21:15,video,Hope Dope,Tightrope walking,0,1
893,96,2013-07-09 05:10,photographs,Sherry Scourgie,Unicycle,1,1
894,187,2019-03-06 16:40,artistbio,Sheilah	 Matzeitis,Foot juggling,0,0
895,227,2017-07-10 07:35,commentcontest,Gisela Slatter,Unicycle,0,1
896,96,2014-10-05 17:25,likecontest,Sheilah	 Matzeitis,Mime,1,0
897,114,2017-10-24 16:30,video,Cron Bon,Chinese yo-yo,0,1
898,238,2012-08-31 04:10,photographs,Cron Bon,Hand walking,1,0
899,139,2014-09-13 16:00,photographs,Cron Bon,Hand walking,1,0
900,183,2014-08-20 00:45,showadvertisement,Przemek Kudelka,Animal training,0,0
901,176,2018-08-16 22:25,video,Obious Fail,Baton twirling,0,0
902,28,2013-10-22 10:35,story,Glyn	Dobbing,Balancing,1,0
903,83,2015-05-03 03:40,artistbio,Cron Bon,Fire performance,0,0
904,101,2018-04-26 12:10,commentcontest,Cron Bon,Unicycle,0,1
905,107,2015-11-16 11:25,showadvertisement,Olav	Winpenny,Fire performance,0,1
906,178,2013-03-17 04:15,video,Garnet	 Dregan,Fire performance,1,0
907,78,2018-09-13 04:25,commentcontest,Fidelio Speak,Hand walking,1,1
908,167,2013-02-27 02:35,photographs,Big Mac,Chinese yo-yo,0,1
909,102,2015-01-28 17:45,artistbio,Mc Chicken,Clown,1,0
910,204,2014-12-15 20:25,artistbio,Obious Fail,Hand walking,1,0
911,172,2012-01-11 19:20,story,Water Druck,Chinese yo-yo,1,1
912,71,2018-12-29 20:10,story,Water Druck,Animal training,0,1
913,25,2015-02-08 16:10,artistbio,Fidelio Speak,Balancing,0,0
914,33,2016-07-19 16:00,video,Sanman Kontman,Tightrope walking,1,0
915,129,2012-02-28 01:15,story,Mc Chicken,Unicycle,1,1
916,96,2019-02-05 04:05,photographs,Mc Chicken,Clown,1,0
917,71,2018-10-28 21:10,photographs,Sheilah	 Matzeitis,Unicycle,1,1
918,123,2018-04-05 02:00,photographs,Garnet	 Dregan,Fire performance,0,1
919,186,2014-10-24 18:20,artistbio,Hope Dope,Hand walking,1,0
920,177,2013-04-23 04:20,likecontest,Big Mac,Tightrope walking,1,1
921,82,2013-03-29 06:00,story,Sanman Kontman,Mime,1,0
922,171,2018-05-08 17:45,video,Hans Djekic,Animal training,0,1
923,31,2014-05-17 03:30,photographs,Sherry Scourgie,Hand walking,0,0
924,142,2015-01-05 01:30,video,Water Druck,Fire performance,0,1
925,30,2013-06-02 10:25,commentcontest,Hans Djekic,Fire performance,0,1
926,146,2015-08-26 07:40,showadvertisement,Mc Chicken,Tightrope walking,1,0
927,79,2013-12-04 01:15,story,Big Mac,Tightrope walking,0,1
928,167,2012-09-08 09:50,photographs,Mc Chicken,Artistic cycling,1,0
929,180,2017-06-12 16:35,likecontest,Glyn	Dobbing,Unicycle,0,1
930,185,2012-03-05 08:05,story,Mc Chicken,Clown,0,0
931,173,2018-11-22 20:45,showadvertisement,Glyn	Dobbing,Mime,1,0
932,249,2017-08-08 15:05,commentcontest,Olav	Winpenny,Acrobatics,1,1
933,64,2013-05-14 14:50,artistbio,Garnet	 Dregan,Foot juggling,1,1
934,124,2015-06-24 08:10,commentcontest,Sheilah	 Matzeitis,Mime,1,1
935,49,2019-01-31 20:40,video,Olav	Winpenny,Chinese yo-yo,0,0
936,202,2013-07-20 01:45,likecontest,Glyn	Dobbing,Foot juggling,1,0
937,140,2012-05-07 03:25,story,Garnet	 Dregan,Chinese yo-yo,1,1
938,36,2016-12-01 13:05,video,Sheilah	 Matzeitis,Fire performance,1,1
939,170,2013-03-27 17:00,photographs,Cron Bon,Wheel of death,1,1
940,37,2013-11-02 21:30,artistbio,Sheilah	 Matzeitis,Baton twirling,1,1
941,182,2019-02-02 05:25,showadvertisement,Hope Dope,Mime,1,0
942,2,2016-12-28 19:10,commentcontest,Sheilah	 Matzeitis,Unicycle,0,0
943,155,2017-02-08 22:45,story,Fidelio Speak,Balancing,1,1
944,209,2015-04-17 20:20,photographs,Mc Chicken,Baton twirling,0,0
945,136,2012-04-23 10:05,likecontest,Hope Dope,Acrobatics,0,1
946,210,2013-10-01 03:25,video,Hans Djekic,Wheel of death,1,1
947,188,2012-08-07 11:45,story,Olav	Winpenny,Foot juggling,1,1
948,211,2012-11-18 01:20,video,Olav	Winpenny,Baton twirling,0,1
949,108,2013-10-02 02:10,showadvertisement,Przemek Kudelka,Fire performance,1,1
950,21,2015-04-06 10:45,artistbio,Obious Fail,Acrobatics,0,1
951,38,2013-03-12 13:45,artistbio,Garnet	 Dregan,Artistic cycling,1,0
952,26,2016-02-17 23:15,story,Water Druck,Acrobatics,0,1
953,23,2017-04-07 18:40,showadvertisement,Fidelio Speak,Chinese yo-yo,0,1
954,124,2012-07-02 12:20,photographs,Glyn	Dobbing,Clown,0,1
955,51,2015-03-11 23:40,video,Hans Djekic,Animal training,0,1
956,127,2013-03-27 08:15,commentcontest,Hans Djekic,Unicycle,1,1
957,192,2015-08-23 09:25,showadvertisement,Fidelio Speak,Animal training,1,1
958,99,2013-09-26 13:40,showadvertisement,Mc Chicken,Animal training,1,1
959,61,2013-05-21 20:55,artistbio,Sheilah	 Matzeitis,Acrobatics,0,0
960,219,2012-08-12 02:50,video,Gisela Slatter,Fire performance,1,0
961,243,2012-08-24 00:10,artistbio,Sheilah	 Matzeitis,Animal training,0,1
962,205,2013-10-07 20:50,photographs,Przemek Kudelka,Tightrope walking,1,1
963,166,2018-05-12 21:05,artistbio,Big Mac,Artistic cycling,0,0
964,16,2013-02-02 19:35,likecontest,Water Druck,Tightrope walking,1,0
965,151,2014-11-01 14:45,likecontest,Glyn	Dobbing,Unicycle,1,1
966,109,2013-07-18 17:40,photographs,Sanman Kontman,Acrobatics,1,1
967,239,2015-01-12 00:15,story,Gisela Slatter,Foot juggling,0,0
968,216,2012-09-30 13:10,likecontest,Hope Dope,Acrobatics,1,1
969,26,2015-12-22 14:30,likecontest,Olav	Winpenny,Wheel of death,1,0
970,135,2012-11-10 04:35,photographs,Hans Djekic,Fire performance,1,1
971,31,2018-04-10 21:50,artistbio,Gisela Slatter,Chinese yo-yo,0,1
972,44,2012-07-08 13:30,video,Hope Dope,Artistic cycling,1,1
973,2,2018-05-25 18:25,story,Cron Bon,Animal training,0,1
974,175,2016-01-25 09:00,story,Sheilah	 Matzeitis,Wheel of death,0,1
975,101,2014-09-06 00:30,artistbio,Fidelio Speak,Chinese yo-yo,1,0
976,201,2015-06-10 21:15,likecontest,Sherry Scourgie,Wheel of death,1,0
977,90,2014-01-24 03:10,photographs,Obious Fail,Balancing,0,1
978,229,2017-11-24 07:00,artistbio,Przemek Kudelka,Acrobatics,1,0
979,192,2014-03-24 23:40,story,Glyn	Dobbing,Unicycle,1,0
980,177,2013-03-14 20:20,showadvertisement,Przemek Kudelka,Animal training,0,0
981,242,2012-04-06 07:10,showadvertisement,Sheilah	 Matzeitis,Animal training,0,1
982,46,2016-05-01 15:45,commentcontest,Mc Chicken,Clown,0,0
983,183,2012-10-07 15:20,video,Hope Dope,Foot juggling,1,1
984,12,2016-05-24 22:25,commentcontest,Sanman Kontman,Unicycle,0,0
985,211,2015-02-27 01:10,story,Gisela Slatter,Wheel of death,1,0
986,60,2017-05-13 06:35,commentcontest,Big Mac,Artistic cycling,0,1
987,203,2019-02-15 12:25,story,Obious Fail,Animal training,0,1
988,133,2012-06-15 22:30,showadvertisement,Fidelio Speak,Artistic cycling,0,0
989,67,2016-06-23 09:45,showadvertisement,Water Druck,Fire performance,1,0
990,171,2017-08-13 08:05,photographs,Sanman Kontman,Hand walking,0,1
991,50,2017-05-05 11:20,photographs,Obious Fail,Mime,0,0
992,158,2018-05-24 03:15,photographs,Glyn	Dobbing,Mime,1,1
993,62,2014-04-25 21:20,story,Cron Bon,Acrobatics,0,1
994,232,2017-09-06 15:50,story,Sheilah	 Matzeitis,Acrobatics,0,0
995,230,2012-07-18 21:00,photographs,Hope Dope,Hand walking,1,0
996,9,2013-07-19 15:50,video,Hans Djekic,Tightrope walking,0,1
997,123,2018-07-22 21:50,artistbio,Hope Dope,Tightrope walking,1,1
998,18,2012-05-13 15:00,commentcontest,Glyn	Dobbing,Wheel of death,1,1
999,205,2013-11-04 04:05,likecontest,Olav	Winpenny,Acrobatics,1,1
